"","Date","Time","Open","High","Low","Close","Volume","H_Prediction","L_Prediction","C_Prediction"
"1","2020.09.08","02:30:00",1.18177,1.18197,1.18161,1.18186,283,1.18198896541983,1.18157447457023,1.18167200719547
"2","2020.09.08","03:00:00",1.18186,1.18216,1.18127,1.18132,410,1.18206591307298,1.18162914061895,1.18177467426698
"3","2020.09.08","03:30:00",1.18132,1.18147,1.1805,1.18069,816,1.18219450147499,1.18126819323276,1.18130000767779
"4","2020.09.08","04:00:00",1.18069,1.18089,1.17994,1.18027,800,1.18139945226404,1.18031761488583,1.18084759612139
"5","2020.09.08","04:30:00",1.18027,1.18034,1.17951,1.17969,593,1.18057450456358,1.17955290111589,1.18060657954315
"6","2020.09.08","05:00:00",1.17969,1.18065,1.17964,1.18033,517,1.1795529434949,1.17910280393703,1.17941848312829
"7","2020.09.08","05:30:00",1.18033,1.18075,1.18029,1.18049,370,1.18056009643957,1.17953623996362,1.18047228704782
"8","2020.09.08","06:00:00",1.18049,1.18085,1.18044,1.1808,365,1.18066862341306,1.18027598970691,1.18052985249414
"9","2020.09.08","06:30:00",1.1808,1.18111,1.18071,1.18083,273,1.180860129992,1.1804676736217,1.18078631764909
"10","2020.09.08","07:00:00",1.18083,1.18085,1.18065,1.18082,224,1.18111457742819,1.18073433455527,1.18078127644867
"11","2020.09.08","07:30:00",1.18082,1.1811,1.18074,1.1811,299,1.18081815051485,1.18064801840221,1.18077657594241
"12","2020.09.08","08:00:00",1.1811,1.18114,1.18035,1.18055,491,1.18114908721603,1.18079101366012,1.18108212001213
"13","2020.09.08","08:30:00",1.18055,1.18116,1.17976,1.18109,603,1.18118995561214,1.18031472096949,1.18053286111625
"14","2020.09.08","09:00:00",1.18109,1.18273,1.1809,1.18204,1783,1.18135066265428,1.1797927309198,1.18110855275081
"15","2020.09.08","09:30:00",1.18204,1.18208,1.18124,1.18166,1176,1.18290674466389,1.1809709209545,1.18225327289053
"16","2020.09.08","10:00:00",1.18164,1.18211,1.18029,1.18059,1484,1.18212492190356,1.18110169659735,1.18175341304777
"17","2020.09.08","10:30:00",1.18059,1.18211,1.18049,1.18168,1344,1.18208914880215,1.17994627995442,1.18086727122626
"18","2020.09.08","11:00:00",1.18168,1.18204,1.18105,1.18165,1417,1.18228389321739,1.18036146280567,1.18186958135705
"19","2020.09.08","11:30:00",1.18164,1.18202,1.18047,1.18082,1649,1.18206515791038,1.18090790240954,1.1818195573046
"20","2020.09.08","12:00:00",1.18086,1.18149,1.18053,1.18133,1578,1.18199076210411,1.18019157737525,1.18107927536009
"21","2020.09.08","12:30:00",1.18133,1.1815,1.17906,1.17933,1902,1.18157748377484,1.18036324379849,1.18152684254202
"22","2020.09.08","13:00:00",1.17933,1.17972,1.17834,1.17865,1876,1.18157671240817,1.17924437179452,1.17962478420511
"23","2020.09.08","13:30:00",1.17867,1.18061,1.17778,1.18003,2139,1.17921090595895,1.17821506279897,1.17875296183619
"24","2020.09.08","14:00:00",1.18003,1.18051,1.17937,1.18027,1615,1.18107524068667,1.17842448460335,1.1804218388203
"25","2020.09.08","14:30:00",1.18025,1.18038,1.17878,1.17943,1714,1.18093356579713,1.17966595121587,1.18039882263872
"26","2020.09.08","15:00:00",1.17945,1.18015,1.17812,1.17972,2048,1.18055506800718,1.17898118419515,1.17957415641425
"27","2020.09.08","15:30:00",1.17972,1.1806,1.17933,1.18005,2182,1.18054311983264,1.17861093284632,1.17998588582389
"28","2020.09.08","16:00:00",1.18005,1.18022,1.178,1.17828,2293,1.18119424694028,1.17989112454268,1.18039854150371
"29","2020.09.08","16:30:00",1.17829,1.17924,1.17654,1.17773,3381,1.18028303286459,1.17827537992979,1.17843884323449
"30","2020.09.08","17:00:00",1.17773,1.18007,1.17729,1.17936,3120,1.17902012610107,1.17764776801189,1.17802063382356
"31","2020.09.08","17:30:00",1.17936,1.17967,1.17829,1.17932,2813,1.1802934132787,1.17850982560519,1.17990269359337
"32","2020.09.08","18:00:00",1.17932,1.18018,1.17869,1.17948,2251,1.17989331199836,1.17928444398924,1.17974796215365
"33","2020.09.08","18:30:00",1.1795,1.17984,1.17804,1.17873,2003,1.18061824294885,1.17933220777378,1.17969296893395
"34","2020.09.08","19:00:00",1.17878,1.18061,1.17874,1.17968,1650,1.18019408132214,1.17842047796326,1.17882707105654
"35","2020.09.08","19:30:00",1.17967,1.1803,1.17937,1.17958,1339,1.18093250450929,1.17898799290871,1.17970945293469
"36","2020.09.08","20:00:00",1.17957,1.17984,1.17889,1.1794,1035,1.18043535993788,1.17939946122363,1.17955967967472
"37","2020.09.08","20:30:00",1.1794,1.17966,1.1788,1.17928,845,1.17994217670806,1.1788703170529,1.17938465806327
"38","2020.09.08","21:00:00",1.17928,1.17929,1.17809,1.17859,674,1.17974859953143,1.17879275899011,1.17928718434777
"39","2020.09.08","21:30:00",1.1786,1.1786,1.17774,1.17817,1004,1.17938992980993,1.17799606627745,1.17868455588019
"40","2020.09.08","22:00:00",1.17811,1.17833,1.17741,1.17809,1249,1.17854105132773,1.17743734439315,1.17815681770272
"41","2020.09.08","22:30:00",1.17809,1.17853,1.17776,1.17787,891,1.17816104021263,1.17701622572864,1.17792383006281
"42","2020.09.08","23:00:00",1.17783,1.17824,1.17779,1.17823,378,1.17846459456186,1.1774699029118,1.17788430498151
"43","2020.09.08","23:30:00",1.17823,1.17823,1.17728,1.17739,470,1.17826779235026,1.17786463927957,1.17835360705815
"44","2020.09.09","00:00:00",1.17747,1.17791,1.17732,1.17757,280,1.1782982345102,1.17731232766234,1.17750008219403
"45","2020.09.09","00:30:00",1.17753,1.17762,1.17694,1.17724,412,1.17782300669818,1.17735770338321,1.17762038611364
"46","2020.09.09","01:00:00",1.17719,1.17745,1.17567,1.17642,897,1.17764585872024,1.17698325483392,1.17733552052278
"47","2020.09.09","01:30:00",1.17642,1.17676,1.1762,1.17667,425,1.17737274366905,1.17539828035254,1.17643168959025
"48","2020.09.09","02:00:00",1.17667,1.17672,1.17588,1.17628,566,1.17679862263443,1.17609991717291,1.17677612743388
"49","2020.09.09","02:30:00",1.17628,1.17687,1.17619,1.17666,360,1.1767440905706,1.17573212288304,1.17634248181611
"50","2020.09.09","03:00:00",1.17666,1.17751,1.17656,1.17728,737,1.17689625570053,1.17613032069268,1.17668383198485
"51","2020.09.09","03:30:00",1.17729,1.17762,1.17701,1.17755,585,1.17758901655239,1.17651167945754,1.17723925557608
"52","2020.09.09","04:00:00",1.17755,1.17755,1.1767,1.17727,763,1.17774979301809,1.17703405043136,1.17752768299892
"53","2020.09.09","04:30:00",1.17727,1.17796,1.17717,1.1776,753,1.17759202482361,1.17663074728781,1.17722112150598
"54","2020.09.09","05:00:00",1.1776,1.17782,1.17724,1.17753,535,1.17801644548873,1.17716492140295,1.17758988805789
"55","2020.09.09","05:30:00",1.17752,1.1776,1.17731,1.17747,370,1.17789585887571,1.17727688830933,1.17754923584755
"56","2020.09.09","06:00:00",1.17747,1.17801,1.17739,1.1778,473,1.17767197049394,1.17729237080898,1.17746198473796
"57","2020.09.09","06:30:00",1.17778,1.1781,1.17763,1.17801,439,1.17809827134272,1.17744522365126,1.17782241475221
"58","2020.09.09","07:00:00",1.17801,1.17826,1.17778,1.17819,327,1.17817611206689,1.17767266132082,1.1780785305003
"59","2020.09.09","07:30:00",1.17819,1.17824,1.17765,1.17783,360,1.17831960043671,1.1777180217839,1.17819065175771
"60","2020.09.09","08:00:00",1.17783,1.17824,1.17777,1.17798,430,1.17824464994667,1.17763566071305,1.1778675933351
"61","2020.09.09","08:30:00",1.17799,1.17822,1.17788,1.17801,517,1.17831194631306,1.17781124453956,1.17805293680416
"62","2020.09.09","09:00:00",1.17801,1.17805,1.17631,1.17677,1330,1.17829629744244,1.17796813410435,1.17816320473926
"63","2020.09.09","09:30:00",1.17681,1.17695,1.17606,1.17661,1291,1.17756464274823,1.17571937993249,1.17675101912533
"64","2020.09.09","10:00:00",1.17665,1.17777,1.17628,1.17729,1641,1.17637247989186,1.17558164920248,1.17636909188205
"65","2020.09.09","10:30:00",1.17729,1.17791,1.17701,1.17746,1550,1.17751562543187,1.17591583711805,1.17730562768004
"66","2020.09.09","11:00:00",1.17746,1.17872,1.17685,1.17758,1797,1.17759370710073,1.17661358922403,1.17757033212333
"67","2020.09.09","11:30:00",1.1776,1.17763,1.17631,1.17632,1387,1.17817488473646,1.17637550719837,1.17784272261955
"68","2020.09.09","12:00:00",1.17632,1.17689,1.17581,1.17689,1260,1.17687673504283,1.17581235856897,1.17603860609319
"69","2020.09.09","12:30:00",1.1769,1.17752,1.17636,1.1767,1185,1.176748262138,1.17578409629205,1.17695575259405
"70","2020.09.09","13:00:00",1.1767,1.1767,1.1757,1.17575,905,1.17745329739463,1.17622868095818,1.17669961764142
"71","2020.09.09","13:30:00",1.17575,1.17612,1.17538,1.17549,966,1.17659142460759,1.17554703352606,1.17587155970566
"72","2020.09.09","14:00:00",1.17549,1.17694,1.17528,1.17627,1396,1.17596805604599,1.17519010674316,1.17557761556912
"73","2020.09.09","14:30:00",1.17627,1.17682,1.17546,1.17671,1500,1.17692346781584,1.17527114420647,1.17622645838567
"74","2020.09.09","15:00:00",1.17673,1.17791,1.17649,1.17755,1693,1.17706923021528,1.17561272086519,1.17670456230327
"75","2020.09.09","15:30:00",1.17755,1.18197,1.17749,1.17983,2536,1.17840580890338,1.17673509581428,1.1776764005699
"76","2020.09.09","16:00:00",1.17981,1.18246,1.1792,1.18197,2616,1.18216443084788,1.17737484830539,1.17873508375937
"77","2020.09.09","16:30:00",1.18197,1.18241,1.18108,1.18159,2715,1.18307990487916,1.1797380874722,1.18172512137414
"78","2020.09.09","17:00:00",1.18166,1.18278,1.18093,1.18253,2749,1.18263515112855,1.18153422653373,1.18090153449004
"79","2020.09.09","17:30:00",1.18252,1.18337,1.18059,1.18074,2442,1.18299119470974,1.18134975895321,1.18198370427698
"80","2020.09.09","18:00:00",1.18071,1.18216,1.18049,1.1818,1688,1.18332246463661,1.18068854607653,1.18052124977805
"81","2020.09.09","18:30:00",1.1818,1.18213,1.18075,1.18093,1308,1.18261837666839,1.18083218307473,1.18200942501879
"82","2020.09.09","19:00:00",1.18093,1.18121,1.18025,1.18048,973,1.18238574551046,1.18079306108234,1.18099394159791
"83","2020.09.09","19:30:00",1.18048,1.18072,1.18018,1.18034,677,1.18134256632618,1.18019154303791,1.18042890396578
"84","2020.09.09","20:00:00",1.18033,1.18095,1.18018,1.18051,921,1.18084054815198,1.18020356350834,1.18030330629718
"85","2020.09.09","20:30:00",1.18051,1.18055,1.17988,1.18035,844,1.18109903023564,1.18013905598367,1.18048063948263
"86","2020.09.09","21:00:00",1.18035,1.18046,1.17989,1.18025,673,1.18067432095833,1.17983225468997,1.1803295978269
"87","2020.09.09","21:30:00",1.18025,1.18089,1.18025,1.18077,614,1.18055669010549,1.17990690063129,1.18025661142931
"88","2020.09.09","22:00:00",1.18077,1.18089,1.18042,1.18063,602,1.18104302727205,1.18032355052692,1.18080152322086
"89","2020.09.09","22:30:00",1.18063,1.18108,1.18036,1.18037,809,1.18101607959,1.18046450327643,1.18067275379062
"90","2020.09.09","23:00:00",1.18036,1.18071,1.18035,1.18067,561,1.1811325423675,1.18031204107248,1.18038361387548
"91","2020.09.09","23:30:00",1.18067,1.18083,1.18027,1.18027,460,1.18080864960497,1.18040489397558,1.18073861308318
"92","2020.09.10","00:00:00",1.18026,1.18045,1.17994,1.18031,240,1.18089469200561,1.18030442131992,1.18035007802553
"93","2020.09.10","00:30:00",1.18031,1.18035,1.18004,1.18027,156,1.18051662883094,1.17997860622522,1.18039184852595
"94","2020.09.10","01:00:00",1.18026,1.18074,1.18026,1.18052,474,1.18036040593986,1.18005410752508,1.18030786691472
"95","2020.09.10","01:30:00",1.18052,1.18093,1.18029,1.18089,636,1.18088979421714,1.18035858134312,1.18063816500799
"96","2020.09.10","02:00:00",1.18088,1.18102,1.18052,1.18062,491,1.18110844539723,1.18044888250226,1.18100399093706
"97","2020.09.10","02:30:00",1.1806,1.18063,1.18029,1.18035,219,1.18116237590979,1.18062908415004,1.18074525102367
"98","2020.09.10","03:00:00",1.18035,1.18145,1.18004,1.1811,599,1.18070980370595,1.18033650132623,1.180402195246
"99","2020.09.10","03:30:00",1.18107,1.18125,1.18058,1.18101,742,1.18167226244869,1.18025740385982,1.18115091166484
"100","2020.09.10","04:00:00",1.181,1.18139,1.18068,1.18121,610,1.1813625533567,1.18074794117247,1.18107860492606
"101","2020.09.10","04:30:00",1.18121,1.18207,1.181,1.18205,789,1.18163582117143,1.18086772483801,1.18138760694075
"102","2020.09.10","05:00:00",1.18205,1.18205,1.1815,1.18191,539,1.18291145714755,1.18175471420211,1.18300879563476
"103","2020.09.10","05:30:00",1.18191,1.18239,1.18185,1.18221,512,1.18226628749946,1.1816551906228,1.18205058691306
"104","2020.09.10","06:00:00",1.18222,1.18245,1.18213,1.18231,366,1.18273863641909,1.18193072694014,1.18230393861263
"105","2020.09.10","06:30:00",1.18231,1.18231,1.18206,1.18219,262,1.1826724371308,1.18223006269541,1.18240656717888
"106","2020.09.10","07:00:00",1.18218,1.18226,1.18201,1.18217,311,1.18243317920269,1.18201065805275,1.18226132301228
"107","2020.09.10","07:30:00",1.18217,1.1822,1.18189,1.18192,257,1.18232118854917,1.18197222805288,1.18221288126401
"108","2020.09.10","08:00:00",1.18192,1.18272,1.18187,1.18265,326,1.18231001014509,1.18198675028982,1.18197838438897
"109","2020.09.10","08:30:00",1.18266,1.18287,1.18223,1.18271,515,1.18288482847483,1.18191009696913,1.18271404357261
"110","2020.09.10","09:00:00",1.1827,1.18367,1.18248,1.1831,1108,1.18303044847004,1.18224623561602,1.18267005724176
"111","2020.09.10","09:30:00",1.1831,1.18338,1.18259,1.1826,859,1.18371129312442,1.1824487900325,1.18294192451473
"112","2020.09.10","10:00:00",1.18262,1.18291,1.18196,1.18272,1492,1.18330256467249,1.18240998788156,1.18244653997317
"113","2020.09.10","10:30:00",1.1827,1.18288,1.18158,1.18187,1460,1.1829602699143,1.18188167584473,1.18264146697467
"114","2020.09.10","11:00:00",1.18187,1.18317,1.18169,1.18317,1216,1.18290520182363,1.18136607860797,1.18191942452581
"115","2020.09.10","11:30:00",1.18317,1.184,1.18304,1.1834,1134,1.18333568313267,1.18168550880135,1.1831348913717
"116","2020.09.10","12:00:00",1.18341,1.1836,1.1829,1.18303,1192,1.18391632539715,1.18300657209916,1.18325156093866
"117","2020.09.10","12:30:00",1.18303,1.184,1.18298,1.18385,1129,1.18340320067055,1.18269276120141,1.18287459858737
"118","2020.09.10","13:00:00",1.18385,1.18443,1.18317,1.1832,1173,1.18389045768003,1.18288126711803,1.1836577787161
"119","2020.09.10","13:30:00",1.1832,1.18407,1.18308,1.18374,1094,1.18408460470996,1.18285606733359,1.18295402413196
"120","2020.09.10","14:00:00",1.18375,1.18426,1.1833,1.18411,1275,1.18386953352669,1.1828745096577,1.18354791560906
"121","2020.09.10","14:30:00",1.18411,1.18501,1.18311,1.18463,2000,1.18410159978683,1.18321868983583,1.18391886180307
"122","2020.09.10","15:00:00",1.18465,1.1855,1.18416,1.18432,2129,1.18457993039628,1.18311627718131,1.18416372539427
"123","2020.09.10","15:30:00",1.18432,1.19024,1.18391,1.18874,5479,1.18486550379237,1.18404404209818,1.1836826536421
"124","2020.09.10","16:00:00",1.18876,1.19067,1.18837,1.19025,2894,1.18922559553909,1.18024500188364,1.18188024095624
"125","2020.09.10","16:30:00",1.19025,1.19174,1.18915,1.18985,2867,1.19217124420457,1.18983702770851,1.18904256885668
"126","2020.09.10","17:00:00",1.18983,1.19085,1.18894,1.18914,2221,1.19230901102797,1.18982487049139,1.1889237988691
"127","2020.09.10","17:30:00",1.18913,1.19059,1.18673,1.18732,2953,1.19105627447922,1.18937301600878,1.18878648036858
"128","2020.09.10","18:00:00",1.18732,1.18861,1.18648,1.18757,2377,1.18973333870568,1.18667469329892,1.18683712850249
"129","2020.09.10","18:30:00",1.18757,1.18874,1.18744,1.18786,2101,1.18850883149041,1.18656693676934,1.18721130654588
"130","2020.09.10","19:00:00",1.18787,1.18849,1.1866,1.18675,1806,1.18887703996069,1.18747609602485,1.18764969961086
"131","2020.09.10","19:30:00",1.18675,1.18737,1.18476,1.18572,2179,1.18862469241755,1.18655732316564,1.1865951646145
"132","2020.09.10","20:00:00",1.18573,1.18639,1.18539,1.18572,1649,1.18722269930944,1.18457762091431,1.18557525850119
"133","2020.09.10","20:30:00",1.18572,1.18622,1.18535,1.18547,991,1.18634482538553,1.18519885280912,1.18557153235843
"134","2020.09.10","21:00:00",1.18547,1.18575,1.18178,1.1822,1495,1.18608376708951,1.18519211246678,1.18542911747971
"135","2020.09.10","21:30:00",1.1822,1.18326,1.1822,1.18248,1944,1.18511737480593,1.18135019083121,1.18204165287731
"136","2020.09.10","22:00:00",1.18248,1.18263,1.18099,1.18172,1881,1.18358446736323,1.18254088978332,1.18282795843193
"137","2020.09.10","22:30:00",1.18171,1.18223,1.1814,1.18173,1528,1.18274735187811,1.18129442664602,1.18193459936372
"138","2020.09.10","23:00:00",1.18173,1.18193,1.181,1.1812,494,1.18217984257947,1.18132678479313,1.18170286155601
"139","2020.09.10","23:30:00",1.1812,1.1817,1.18116,1.18146,429,1.18197832418901,1.18091702276636,1.18118889843888
"140","2020.09.11","00:00:00",1.18145,1.18216,1.18086,1.18185,294,1.18173664747413,1.18110734248045,1.18145222534665
"141","2020.09.11","00:30:00",1.18185,1.18213,1.18162,1.18199,244,1.18207325302337,1.18099676078114,1.18202454545503
"142","2020.09.11","01:00:00",1.18194,1.18235,1.18188,1.18233,721,1.18215752755107,1.18169728412543,1.1821003225387
"143","2020.09.11","01:30:00",1.18233,1.18284,1.18233,1.18269,361,1.18238699623405,1.18184210548399,1.18225182035294
"144","2020.09.11","02:00:00",1.18269,1.18287,1.18242,1.18253,270,1.1829299660119,1.18245471990879,1.18273985144833
"145","2020.09.11","02:30:00",1.18253,1.18272,1.18221,1.18234,379,1.18289807294707,1.18248578081072,1.18254762929028
"146","2020.09.11","03:00:00",1.18234,1.18338,1.18234,1.18309,720,1.18277220911333,1.18224048079627,1.18231391865355
"147","2020.09.11","03:30:00",1.18309,1.18367,1.18302,1.18348,684,1.18348258736507,1.1824037951383,1.18311388870816
"148","2020.09.11","04:00:00",1.18346,1.184,1.18341,1.1838,824,1.18378891929973,1.18314024015805,1.18354623006675
"149","2020.09.11","04:30:00",1.18379,1.18381,1.1831,1.18333,720,1.18416995141424,1.18356026882104,1.18388223786609
"150","2020.09.11","05:00:00",1.18331,1.18381,1.1833,1.1837,413,1.18390656292768,1.18316628928658,1.18339068264117
"151","2020.09.11","05:30:00",1.1837,1.18376,1.18312,1.1833,463,1.18394654805474,1.1833790264592,1.18374121674574
"152","2020.09.11","06:00:00",1.18328,1.18355,1.18313,1.18315,469,1.18385553225915,1.18316483587834,1.18334112753411
"153","2020.09.11","06:30:00",1.18315,1.1836,1.183,1.18337,458,1.18358328826433,1.1831428033035,1.18319928441169
"154","2020.09.11","07:00:00",1.18337,1.18354,1.18317,1.1834,344,1.18363245978898,1.18301156926263,1.18342168160838
"155","2020.09.11","07:30:00",1.1834,1.18373,1.18323,1.18352,342,1.18356305430323,1.18315127601472,1.18342081458701
"156","2020.09.11","08:00:00",1.18352,1.1836,1.1832,1.18346,265,1.18374094091065,1.18322343862458,1.18361085194161
"157","2020.09.11","08:30:00",1.18346,1.18414,1.18345,1.18373,530,1.18360245954165,1.18319198640356,1.18352576090132
"158","2020.09.11","09:00:00",1.18373,1.18397,1.18283,1.18356,1158,1.18400310773878,1.18335830322975,1.18371129771286
"159","2020.09.11","09:30:00",1.18357,1.18396,1.18314,1.18358,941,1.18363042678021,1.18240169508811,1.18340996256988
"160","2020.09.11","10:00:00",1.18358,1.18491,1.18317,1.18419,1670,1.18361298097962,1.18271259266198,1.18339265431995
"161","2020.09.11","10:30:00",1.18418,1.18469,1.18309,1.1834,1404,1.18466518902086,1.18267036743313,1.18428929531662
"162","2020.09.11","11:00:00",1.18341,1.18457,1.18334,1.18409,1278,1.18423949648507,1.18244117756278,1.18333531441002
"163","2020.09.11","11:30:00",1.18409,1.18597,1.18401,1.18565,1718,1.1843232090251,1.18294929740848,1.18400223596898
"164","2020.09.11","12:00:00",1.18565,1.18672,1.18543,1.18611,1614,1.18646900792112,1.18517903915261,1.18602047594304
"165","2020.09.11","12:30:00",1.18609,1.18739,1.18607,1.18728,1245,1.18729382187651,1.18700124575187,1.18663320479299
"166","2020.09.11","13:00:00",1.18727,1.18737,1.186,1.18635,1091,1.18774366639068,1.18686510904585,1.18748265043534
"167","2020.09.11","13:30:00",1.18634,1.18676,1.18547,1.1859,1141,1.1873760770089,1.1859173125476,1.18622921601624
"168","2020.09.11","14:00:00",1.1859,1.18649,1.1852,1.18526,1262,1.18692642376946,1.18566661636626,1.18605667369781
"169","2020.09.11","14:30:00",1.18526,1.18539,1.18475,1.18503,1138,1.18658383460628,1.18523694960521,1.18535764021579
"170","2020.09.11","15:00:00",1.18502,1.18566,1.18464,1.18512,1213,1.18546311550965,1.18470073304372,1.18509924953546
"171","2020.09.11","15:30:00",1.18508,1.18516,1.18348,1.18463,1617,1.18577253794027,1.18459171515591,1.18517770251305
"172","2020.09.11","16:00:00",1.18463,1.18573,1.18421,1.18503,1486,1.18525844873371,1.1833167253892,1.18451370889767
"173","2020.09.11","16:30:00",1.18504,1.18544,1.18396,1.18399,2256,1.18584840985293,1.18410852943977,1.18492329365359
"174","2020.09.11","17:00:00",1.18399,1.18506,1.18388,1.18493,1934,1.18505814172845,1.18359364721242,1.18354043531778
"175","2020.09.11","17:30:00",1.18487,1.18493,1.18276,1.18287,1632,1.18507297830944,1.18369823567894,1.18454531642838
"176","2020.09.11","18:00:00",1.18286,1.1839,1.18285,1.18363,1475,1.18512509892952,1.18297556805849,1.18285471524077
"177","2020.09.11","18:30:00",1.18362,1.18364,1.18291,1.18312,1243,1.18413029041458,1.18306509357302,1.18364137449742
"178","2020.09.11","19:00:00",1.1831,1.18396,1.18291,1.18377,987,1.1836949485088,1.18287801840298,1.18311249775774
"179","2020.09.11","19:30:00",1.18377,1.18409,1.18336,1.18371,991,1.18411406536492,1.18289973431908,1.18377380212048
"180","2020.09.11","20:00:00",1.18371,1.18382,1.1827,1.18308,1226,1.18425583090828,1.18337291107811,1.18371447457107
"181","2020.09.11","20:30:00",1.18308,1.18337,1.18265,1.18275,994,1.18381998031191,1.18271201064694,1.1829572968222
"182","2020.09.11","21:00:00",1.18275,1.18381,1.18261,1.1832,1047,1.18337470513852,1.18252938023235,1.1826648570287
"183","2020.09.11","21:30:00",1.18318,1.1837,1.18305,1.18308,933,1.18387047582325,1.18259827581759,1.18307523291995
"184","2020.09.11","22:00:00",1.18305,1.18437,1.18271,1.18403,1194,1.18369749235034,1.18302366275278,1.18296628286271
"185","2020.09.11","22:30:00",1.18403,1.18452,1.1838,1.18413,1040,1.1845788067015,1.18292416063981,1.18397153678663
"186","2020.09.11","23:00:00",1.18413,1.18425,1.18386,1.18406,377,1.18458886387275,1.1839759844347,1.18406092273809
"187","2020.09.11","23:30:00",1.18406,1.1848,1.18399,1.18459,345,1.18435928188191,1.18400854451476,1.18411686555848
"188","2020.09.14","00:00:00",1.18362,1.18385,1.18356,1.18369,187,1.18493310066724,1.18411081090291,1.18471410682598
"189","2020.09.14","00:30:00",1.18372,1.18374,1.18352,1.18367,146,1.18395500111043,1.18350726456444,1.18363347576478
"190","2020.09.14","01:00:00",1.18396,1.18433,1.18366,1.18422,371,1.18383628648087,1.18341105067586,1.18362632680772
"191","2020.09.14","01:30:00",1.18423,1.18473,1.18422,1.18452,297,1.18445386197222,1.18371011880253,1.1842341155667
"192","2020.09.14","02:00:00",1.18455,1.18464,1.18389,1.18394,305,1.18483793195667,1.18415766494564,1.1844605365519
"193","2020.09.14","02:30:00",1.18394,1.18411,1.18384,1.18404,340,1.18468072632952,1.18383966164194,1.18387152342641
"194","2020.09.14","03:00:00",1.18402,1.1843,1.18331,1.18335,497,1.18419067288803,1.18384305118568,1.18404176139735
"195","2020.09.14","03:30:00",1.18335,1.18371,1.18321,1.18342,378,1.18436561923547,1.18325178564591,1.18341372822892
"196","2020.09.14","04:00:00",1.18343,1.18438,1.18336,1.18435,488,1.18385063282915,1.18316053606933,1.18344103232659
"197","2020.09.14","04:30:00",1.18435,1.18446,1.18409,1.18434,487,1.18446757137459,1.18340777635695,1.18441882950544
"198","2020.09.14","05:00:00",1.18434,1.18502,1.18424,1.1849,605,1.18446579658292,1.18411170665033,1.18441256835167
"199","2020.09.14","05:30:00",1.1849,1.18504,1.18478,1.18491,507,1.18506395288069,1.18432019515749,1.18494661751903
"200","2020.09.14","06:00:00",1.18491,1.18509,1.18477,1.18486,431,1.18508262305989,1.18484416896265,1.18499453748814
"201","2020.09.14","06:30:00",1.18488,1.185,1.18459,1.18472,346,1.18506723947484,1.18480097234263,1.1849564234065
"202","2020.09.14","07:00:00",1.18472,1.18483,1.18452,1.18477,333,1.18495272091551,1.18454469211775,1.18481802923574
"203","2020.09.14","07:30:00",1.18477,1.18501,1.1847,1.18472,234,1.18472471830626,1.18444066834303,1.18485967649804
"204","2020.09.14","08:00:00",1.18472,1.18492,1.1845,1.18467,306,1.1849989931702,1.18469444227846,1.18489752107962
"205","2020.09.14","08:30:00",1.18467,1.18543,1.18454,1.18539,566,1.18488534279076,1.18444234367246,1.18471843416668
"206","2020.09.14","09:00:00",1.18537,1.18538,1.18424,1.18436,891,1.18563510599776,1.18466390068752,1.18537200863208
"207","2020.09.14","09:30:00",1.18436,1.18494,1.18428,1.18434,819,1.18528143831716,1.18416546563367,1.18441126910691
"208","2020.09.14","10:00:00",1.18434,1.18573,1.18434,1.18567,1287,1.18489490003058,1.18418676631517,1.18440405071333
"209","2020.09.14","10:30:00",1.18568,1.18642,1.1855,1.18635,1263,1.18579065675393,1.18447082468146,1.18572402481023
"210","2020.09.14","11:00:00",1.18635,1.18685,1.18611,1.18625,1191,1.18658524257581,1.18610468681195,1.18644766567633
"211","2020.09.14","11:30:00",1.18625,1.18678,1.18563,1.18563,1152,1.18707124141636,1.18671694251169,1.18640626165116
"212","2020.09.14","12:00:00",1.18563,1.18659,1.18554,1.18559,1182,1.18662904431875,1.1856146991549,1.1855698860463
"213","2020.09.14","12:30:00",1.18556,1.18581,1.18493,1.18545,1155,1.18648553844278,1.1853994996525,1.18549838159773
"214","2020.09.14","13:00:00",1.18545,1.18682,1.18534,1.18667,1237,1.18571888716725,1.18470481077179,1.18534083606078
"215","2020.09.14","13:30:00",1.18668,1.18759,1.18657,1.1873,1357,1.18680238875213,1.18524590240863,1.18650529852641
"216","2020.09.14","14:00:00",1.1873,1.18788,1.18696,1.18782,917,1.18766592221035,1.18658657029679,1.18720728281156
"217","2020.09.14","14:30:00",1.18782,1.18782,1.18636,1.18664,1082,1.18793737464754,1.18685792360219,1.18752184947355
"218","2020.09.14","15:00:00",1.18662,1.18771,1.18642,1.18735,1021,1.18767608346997,1.18601402663978,1.18645747341707
"219","2020.09.14","15:30:00",1.18735,1.18838,1.18692,1.18776,1058,1.18787997283332,1.18660487270904,1.18742361017238
"220","2020.09.14","16:00:00",1.18776,1.18872,1.18743,1.18773,1390,1.18855071573399,1.18715069125253,1.18780281589516
"221","2020.09.14","16:30:00",1.18776,1.1888,1.18758,1.18785,2019,1.18883715851652,1.18760603454064,1.1877305790052
"222","2020.09.14","17:00:00",1.18786,1.18863,1.18773,1.18792,1583,1.1887662388538,1.18756561436322,1.18768663872935
"223","2020.09.14","17:30:00",1.18791,1.18803,1.18688,1.18711,1680,1.18875884170315,1.18779810028965,1.18782540457466
"224","2020.09.14","18:00:00",1.18711,1.18796,1.18697,1.18783,1208,1.18805658795738,1.18669445969455,1.18699371377567
"225","2020.09.14","18:30:00",1.18783,1.18843,1.18724,1.18731,1129,1.18805461179434,1.18688336239435,1.18769311894101
"226","2020.09.14","19:00:00",1.18731,1.1875,1.18705,1.18716,808,1.18836381901423,1.18701488097792,1.18719124010512
"227","2020.09.14","19:30:00",1.18717,1.18722,1.18645,1.18666,652,1.18741484774209,1.1868002477542,1.18701948381044
"228","2020.09.14","20:00:00",1.18666,1.18676,1.18597,1.18616,728,1.18717789995475,1.18627328986834,1.18659267850791
"229","2020.09.14","20:30:00",1.18617,1.18621,1.18595,1.18617,593,1.1866129495676,1.18584084100396,1.18614527549524
"230","2020.09.14","21:00:00",1.18617,1.18638,1.18592,1.18624,512,1.18633323909456,1.18596472969993,1.18621915290491
"231","2020.09.14","21:30:00",1.18624,1.18659,1.18619,1.18645,612,1.18648461778926,1.18593752936987,1.18632512490649
"232","2020.09.14","22:00:00",1.18645,1.18685,1.18641,1.18674,812,1.18665823705713,1.18621887974265,1.18649262672336
"233","2020.09.14","22:30:00",1.18674,1.18699,1.1862,1.18621,622,1.18683259716157,1.18640309131191,1.18675127259113
"234","2020.09.14","23:00:00",1.18621,1.18654,1.18619,1.18627,320,1.1869559776917,1.1861894178243,1.18626262475716
"235","2020.09.14","23:30:00",1.18627,1.18645,1.18607,1.18643,332,1.1865993151847,1.18620319521476,1.18623403651826
"236","2020.09.15","00:00:00",1.18648,1.18661,1.1861,1.18652,227,1.18666656531231,1.18605640515254,1.18650792798207
"237","2020.09.15","00:30:00",1.18652,1.18666,1.18636,1.18651,322,1.18679795011299,1.18599826266963,1.18656948223458
"238","2020.09.15","01:00:00",1.18651,1.18676,1.18645,1.18666,454,1.18690028368089,1.1863718243915,1.18656666687085
"239","2020.09.15","01:30:00",1.18667,1.18685,1.1866,1.18676,330,1.18701768645164,1.18654316654603,1.18676272250216
"240","2020.09.15","02:00:00",1.18675,1.18683,1.18649,1.18662,175,1.18705366708225,1.1866639411704,1.18682055319465
"241","2020.09.15","02:30:00",1.18662,1.18678,1.1866,1.1867,166,1.18696413849598,1.18640568690033,1.18658599223761
"242","2020.09.15","03:00:00",1.1867,1.187,1.18585,1.18614,530,1.18699749755663,1.18654024257532,1.18668859886333
"243","2020.09.15","03:30:00",1.18612,1.18687,1.18612,1.18686,516,1.18703219794711,1.18605455489072,1.18626823403356
"244","2020.09.15","04:00:00",1.18686,1.18729,1.18641,1.18695,693,1.186856818116,1.18639743520989,1.18699678821356
"245","2020.09.15","04:30:00",1.18695,1.1876,1.18685,1.18736,876,1.18719942514545,1.18652047804109,1.18686344346757
"246","2020.09.15","05:00:00",1.18736,1.18818,1.18735,1.18799,793,1.18807135675683,1.18680590121655,1.18769365886823
"247","2020.09.15","05:30:00",1.18801,1.18812,1.18777,1.18801,441,1.18947202924452,1.18763318342233,1.18881414866375
"248","2020.09.15","06:00:00",1.18802,1.18902,1.18802,1.1889,533,1.18882478320022,1.1874940724193,1.18784486753392
"249","2020.09.15","06:30:00",1.18889,1.18907,1.18873,1.18888,364,1.1899256516441,1.18814933906529,1.18920286453901
"250","2020.09.15","07:00:00",1.18888,1.18941,1.18875,1.18932,333,1.1896945360029,1.18875015593267,1.18891327200631
"251","2020.09.15","07:30:00",1.18932,1.18947,1.18915,1.18936,343,1.18993958609204,1.18896766169945,1.18925232361152
"252","2020.09.15","08:00:00",1.18936,1.18992,1.18935,1.18976,474,1.18990779151555,1.18926404178518,1.18930287807618
"253","2020.09.15","08:30:00",1.18976,1.18984,1.18926,1.18962,431,1.19040112396579,1.18970567325508,1.18981365553249
"254","2020.09.15","09:00:00",1.18964,1.18996,1.18884,1.18925,1001,1.19022440263557,1.18954380441729,1.18965458256216
"255","2020.09.15","09:30:00",1.18925,1.18927,1.1884,1.18878,897,1.19024421444431,1.18907067999471,1.18931597448377
"256","2020.09.15","10:00:00",1.18879,1.18945,1.18828,1.18906,1277,1.18944503576821,1.18845420898949,1.18879131759919
"257","2020.09.15","10:30:00",1.18905,1.18929,1.18758,1.18809,1306,1.18973949526509,1.18839077165551,1.1890717274564
"258","2020.09.15","11:00:00",1.18808,1.18864,1.18781,1.18848,1272,1.18925912552263,1.18741014786006,1.18812255486219
"259","2020.09.15","11:30:00",1.18848,1.18873,1.18804,1.18814,998,1.18871308219351,1.18775849705781,1.18844652312931
"260","2020.09.15","12:00:00",1.18812,1.18894,1.18808,1.18881,1143,1.18860544880703,1.18788646670393,1.18812014333954
"261","2020.09.15","12:30:00",1.18878,1.18878,1.18808,1.18812,885,1.18896048132327,1.18803169589256,1.18870844806228
"262","2020.09.15","13:00:00",1.18812,1.18923,1.18799,1.189,973,1.18862324147699,1.18791141069831,1.18807210710661
"263","2020.09.15","13:30:00",1.18899,1.18992,1.18886,1.18991,963,1.18923149337888,1.18785797277807,1.18886414374991
"264","2020.09.15","14:00:00",1.18991,1.19004,1.18928,1.18955,1256,1.18995702905565,1.18877170163595,1.18973875250055
"265","2020.09.15","14:30:00",1.18958,1.18987,1.18865,1.1891,1266,1.18991708372903,1.18904495761769,1.18947991275232
"266","2020.09.15","15:00:00",1.18912,1.18958,1.18838,1.18856,1342,1.18972479986404,1.18842304345005,1.1890943328325
"267","2020.09.15","15:30:00",1.18856,1.18898,1.18681,1.18748,1541,1.18940126783571,1.18819226315126,1.18855885784433
"268","2020.09.15","16:00:00",1.18747,1.18814,1.18725,1.18731,1056,1.1888824157197,1.18680708127278,1.18750609918124
"269","2020.09.15","16:30:00",1.1873,1.1879,1.18558,1.18638,1820,1.18811070296455,1.18704795895961,1.18721890312449
"270","2020.09.15","17:00:00",1.1863,1.1863,1.18396,1.18462,2194,1.1874981904319,1.18545022951015,1.18639363858282
"271","2020.09.15","17:30:00",1.18461,1.18582,1.18393,1.18507,1916,1.185328160783,1.18354393092263,1.18449701696954
"272","2020.09.15","18:00:00",1.18507,1.18526,1.18446,1.18477,1236,1.18518277571225,1.18374340111113,1.18505772108302
"273","2020.09.15","18:30:00",1.18477,1.18528,1.18445,1.1845,852,1.1849818221058,1.18399813476405,1.18459891137827
"274","2020.09.15","19:00:00",1.1845,1.18515,1.1845,1.18463,805,1.18518257395613,1.18409400307783,1.18444930785588
"275","2020.09.15","19:30:00",1.18463,1.18535,1.1846,1.18525,649,1.18511246325512,1.18421043353583,1.1845809365996
"276","2020.09.15","20:00:00",1.18525,1.18547,1.18495,1.18511,680,1.18542759588586,1.1844939704286,1.18522919583782
"277","2020.09.15","20:30:00",1.18508,1.18521,1.1846,1.18464,715,1.18552020339773,1.18483269101504,1.18508813168458
"278","2020.09.15","21:00:00",1.18464,1.18484,1.18446,1.18479,518,1.18519711059658,1.18440442266103,1.1846213095811
"279","2020.09.15","21:30:00",1.1848,1.18538,1.18456,1.18538,533,1.18490202969219,1.18436368183615,1.18482032422056
"280","2020.09.15","22:00:00",1.18537,1.18538,1.18461,1.1849,696,1.18550381420534,1.18454521229758,1.18543277046672
"281","2020.09.15","22:30:00",1.18489,1.18492,1.1845,1.18463,472,1.18542171173885,1.18446069289064,1.18496349554278
"282","2020.09.15","23:00:00",1.18463,1.18495,1.18449,1.18462,392,1.18498512462828,1.1844082985616,1.18466255295103
"283","2020.09.15","23:30:00",1.18461,1.18468,1.18446,1.18462,249,1.18500297704536,1.18440180887203,1.18460211985348
"284","2020.09.16","00:00:00",1.18465,1.18534,1.18465,1.18486,213,1.18470239330092,1.18427947552057,1.18452113067389
"285","2020.09.16","00:30:00",1.1848,1.18494,1.18464,1.18479,129,1.18539316805873,1.18452397487421,1.18475259575064
"286","2020.09.16","01:00:00",1.18479,1.18504,1.18479,1.18504,353,1.18492657834815,1.18444040111537,1.18461444191536
"287","2020.09.16","01:30:00",1.18504,1.18504,1.18474,1.18477,208,1.18507906419327,1.18474583296177,1.18499920543647
"288","2020.09.16","02:00:00",1.18477,1.18491,1.18462,1.18466,142,1.18497968483643,1.18457484828326,1.18469392176674
"289","2020.09.16","02:30:00",1.18466,1.18469,1.18407,1.18419,266,1.18485771808771,1.18441608118713,1.18451546337628
"290","2020.09.16","03:00:00",1.18419,1.18454,1.18289,1.18332,860,1.18452982770816,1.18330142177826,1.18381898514845
"291","2020.09.16","03:30:00",1.18332,1.18363,1.18316,1.18343,668,1.18407267069468,1.18243636855354,1.18359558300945
"292","2020.09.16","04:00:00",1.18343,1.18377,1.18286,1.1837,781,1.18321143316733,1.18292538275635,1.18349076420089
"293","2020.09.16","04:30:00",1.1837,1.18443,1.18368,1.1844,573,1.18368148671427,1.18267354245396,1.18381468942728
"294","2020.09.16","05:00:00",1.1844,1.18474,1.18433,1.18465,730,1.18450765968846,1.18376494677462,1.18444349147484
"295","2020.09.16","05:30:00",1.18466,1.18488,1.18424,1.18453,421,1.18468857173549,1.18443686188292,1.18462162543208
"296","2020.09.16","06:00:00",1.18453,1.18487,1.18453,1.1848,436,1.18488723798889,1.18436213964624,1.18456246605353
"297","2020.09.16","06:30:00",1.1848,1.18486,1.18462,1.18467,468,1.18487974104038,1.18464977249512,1.18481927404388
"298","2020.09.16","07:00:00",1.18467,1.18489,1.18462,1.18481,412,1.18487664949753,1.18467266564974,1.18464559188022
"299","2020.09.16","07:30:00",1.18481,1.18487,1.18446,1.18475,382,1.18491353529466,1.18468263851825,1.18480264506568
"300","2020.09.16","08:00:00",1.18475,1.18512,1.18467,1.18497,404,1.18490196802988,1.18450431450647,1.18474119567658
"301","2020.09.16","08:30:00",1.18497,1.18506,1.18414,1.18458,668,1.18512594360289,1.18469672335898,1.18501011808351
"302","2020.09.16","09:00:00",1.18458,1.18498,1.1841,1.18476,659,1.18505198495736,1.18413666144841,1.18460846637149
"303","2020.09.16","09:30:00",1.18476,1.18545,1.18469,1.18496,793,1.18500142155103,1.18414028872961,1.18484832008549
"304","2020.09.16","10:00:00",1.18494,1.18543,1.18465,1.18519,1059,1.18533263381016,1.18465303813682,1.18497984761374
"305","2020.09.16","10:30:00",1.18523,1.18619,1.18523,1.18611,1019,1.18535186209216,1.18464152955196,1.18528402506877
"306","2020.09.16","11:00:00",1.18611,1.18726,1.18592,1.18677,1137,1.18633956671693,1.18574969121773,1.18636696637961
"307","2020.09.16","11:30:00",1.18677,1.18694,1.18627,1.18657,699,1.18766764012503,1.18689696396432,1.18712703778529
"308","2020.09.16","12:00:00",1.18656,1.18783,1.18652,1.18775,918,1.18718540678302,1.18661890706128,1.18676947459549
"309","2020.09.16","12:30:00",1.18776,1.18826,1.18745,1.18767,1092,1.18813092655026,1.18696458196245,1.18777113832082
"310","2020.09.16","13:00:00",1.18767,1.18799,1.18737,1.18764,1012,1.18846317976156,1.1877483020596,1.18757317898234
"311","2020.09.16","13:30:00",1.18763,1.18768,1.18618,1.18689,1339,1.18815850554071,1.18738047802359,1.18741857509592
"312","2020.09.16","14:00:00",1.18689,1.18713,1.18644,1.18649,966,1.18763418193677,1.18599781970939,1.1867798140515
"313","2020.09.16","14:30:00",1.18649,1.18704,1.18618,1.18673,964,1.18694217331483,1.18612325153846,1.18625735600503
"314","2020.09.16","15:00:00",1.18674,1.18764,1.18656,1.18728,1127,1.18693153859034,1.18593659281484,1.18647941848917
"315","2020.09.16","15:30:00",1.18728,1.18764,1.18457,1.18579,1878,1.18781252760892,1.18671936557248,1.18731318823692
"316","2020.09.16","16:00:00",1.18579,1.18687,1.18555,1.18575,1475,1.18755010733413,1.18418136349563,1.18552266648519
"317","2020.09.16","16:30:00",1.18576,1.1859,1.18421,1.18448,1640,1.18670869814772,1.18526801417448,1.18559246004342
"318","2020.09.16","17:00:00",1.18447,1.18493,1.18104,1.18114,2830,1.18537961794602,1.18368353834499,1.18425487763243
"319","2020.09.16","17:30:00",1.18119,1.18307,1.18094,1.18301,2254,1.18418825123926,1.1812215159475,1.18201884653945
"320","2020.09.16","18:00:00",1.18302,1.1847,1.18271,1.18419,1980,1.18286035048126,1.18138614001616,1.18351294363501
"321","2020.09.16","18:30:00",1.18419,1.18444,1.18324,1.18345,1101,1.18528295774863,1.18330029870762,1.18457836782899
"322","2020.09.16","19:00:00",1.18345,1.18388,1.18324,1.18371,745,1.18441967845344,1.18311977063856,1.1832970660463
"323","2020.09.16","19:30:00",1.18371,1.1839,1.1831,1.18329,643,1.18397010102624,1.18319795862616,1.18372210247746
"324","2020.09.16","20:00:00",1.18329,1.18367,1.18236,1.18249,831,1.18402215632762,1.18307209616598,1.18333869409641
"325","2020.09.16","20:30:00",1.18249,1.18282,1.18212,1.18274,1524,1.18368696228308,1.18218721019034,1.18252546005832
"326","2020.09.16","21:00:00",1.18269,1.18547,1.18072,1.18217,4058,1.18271932983055,1.18185683981199,1.18257930058596
"327","2020.09.16","21:30:00",1.18221,1.1839,1.17873,1.17995,4417,1.18265620061857,1.18097909775135,1.18168765327136
"328","2020.09.16","22:00:00",1.17995,1.18153,1.17933,1.17988,3342,1.18133342838966,1.1782580411209,1.17893579667364
"329","2020.09.16","22:30:00",1.17988,1.18012,1.17901,1.17994,2093,1.18087521133577,1.17964649675784,1.17992921174512
"330","2020.09.16","23:00:00",1.17991,1.18065,1.17984,1.1801,662,1.17986385725207,1.17907225491144,1.18000197894206
"331","2020.09.16","23:30:00",1.18012,1.18175,1.18005,1.18155,670,1.18068563473665,1.17971599559763,1.18011405127398
"332","2020.09.17","00:00:00",1.18146,1.18175,1.18134,1.1816,206,1.18187389031561,1.18005977060997,1.18167090856783
"333","2020.09.17","00:30:00",1.18157,1.18168,1.18101,1.1814,201,1.18181225886832,1.18130881450466,1.18164898655477
"334","2020.09.17","01:00:00",1.18142,1.1819,1.1814,1.18189,308,1.18172161919408,1.18092415870187,1.18139384128234
"335","2020.09.17","01:30:00",1.18189,1.18189,1.18128,1.18157,226,1.1820268762139,1.18140952512506,1.18188728389815
"336","2020.09.17","02:00:00",1.18158,1.18162,1.18084,1.18087,303,1.18191282066099,1.18119104593327,1.18147474983994
"337","2020.09.17","02:30:00",1.18087,1.18092,1.18023,1.18044,331,1.18170264731172,1.18072972820312,1.18077915093719
"338","2020.09.17","03:00:00",1.18044,1.18044,1.17747,1.17777,1213,1.18101804051474,1.1801071907203,1.18031023630837
"339","2020.09.17","03:30:00",1.17777,1.17793,1.17687,1.1777,1063,1.18007799970917,1.17694525572582,1.17761643065764
"340","2020.09.17","04:00:00",1.1777,1.17873,1.17765,1.17857,931,1.17758873855971,1.17642621138443,1.17774285297504
"341","2020.09.17","04:30:00",1.17857,1.17905,1.176,1.1762,1774,1.17861607969479,1.17740265747469,1.17856200128452
"342","2020.09.17","05:00:00",1.1762,1.17697,1.176,1.17652,1379,1.17866245670337,1.17586625667456,1.17619213923679
"343","2020.09.17","05:30:00",1.17652,1.17696,1.17634,1.17677,660,1.17657437652468,1.1756626735372,1.17641277538358
"344","2020.09.17","06:00:00",1.17677,1.17678,1.17374,1.1749,1499,1.17693099167744,1.17628212475869,1.17685183139964
"345","2020.09.17","06:30:00",1.1749,1.17571,1.17432,1.17532,902,1.1763061659142,1.17344722766458,1.17476915022823
"346","2020.09.17","07:00:00",1.17532,1.17548,1.17495,1.17542,519,1.17558477458076,1.17406792786965,1.17530169993056
"347","2020.09.17","07:30:00",1.17542,1.17597,1.17537,1.17586,481,1.17555089042934,1.1748418109022,1.17535567716439
"348","2020.09.17","08:00:00",1.17585,1.17689,1.17564,1.17689,739,1.17604103353742,1.17531555534972,1.17584730587722
"349","2020.09.17","08:30:00",1.17689,1.17712,1.17634,1.17692,844,1.1769217331519,1.17555684862426,1.17685761785648
"350","2020.09.17","09:00:00",1.17692,1.17727,1.17555,1.17656,1763,1.17708874453383,1.17623125653656,1.17686388603802
"351","2020.09.17","09:30:00",1.17657,1.17787,1.17605,1.17742,1832,1.17718559834875,1.17520712476009,1.17630971229346
"352","2020.09.17","10:00:00",1.17742,1.17843,1.17704,1.17797,2149,1.17795470475112,1.17582257379292,1.17706072966724
"353","2020.09.17","10:30:00",1.17798,1.17948,1.17794,1.17939,1882,1.17838688965877,1.17662908557546,1.17722966851408
"354","2020.09.17","11:00:00",1.17939,1.18089,1.17911,1.18076,1857,1.17972087988344,1.17779420651305,1.17887087342854
"355","2020.09.17","11:30:00",1.18076,1.1812,1.18014,1.18036,1438,1.18133945168354,1.17938693518247,1.1805501420089
"356","2020.09.17","12:00:00",1.18035,1.18079,1.17833,1.17835,1655,1.18150646795311,1.18050027197823,1.1801623980383
"357","2020.09.17","12:30:00",1.17835,1.18009,1.1783,1.17989,1250,1.18075989504487,1.17806625581398,1.17780183681673
"358","2020.09.17","13:00:00",1.17989,1.18015,1.1791,1.17934,1215,1.18002531438639,1.17818420051505,1.17992070751802
"359","2020.09.17","13:30:00",1.17935,1.18047,1.17884,1.17983,1247,1.18003381072575,1.17892271063569,1.17934013849202
"360","2020.09.17","14:00:00",1.17983,1.18049,1.17891,1.18032,2237,1.18037446381607,1.17869883598715,1.17977485480509
"361","2020.09.17","14:30:00",1.18032,1.18078,1.17976,1.18054,1363,1.18028466599249,1.17868640502379,1.18021579822127
"362","2020.09.17","15:00:00",1.18053,1.18058,1.17911,1.17974,1492,1.18073796453025,1.17959909090732,1.18045201764289
"363","2020.09.17","15:30:00",1.17974,1.18125,1.17937,1.1808,1665,1.18044816492754,1.1788464858594,1.17964984680603
"364","2020.09.17","16:00:00",1.1808,1.18095,1.17943,1.1803,1737,1.18111397517123,1.17910710438879,1.18083050193039
"365","2020.09.17","16:30:00",1.1803,1.18168,1.17937,1.18088,2276,1.18075826695191,1.17919620109358,1.18035051071629
"366","2020.09.17","17:00:00",1.18088,1.18133,1.18014,1.18025,2232,1.18152188982777,1.17938772122071,1.1813558699496
"367","2020.09.17","17:30:00",1.18025,1.18175,1.18011,1.18076,2723,1.18108389443628,1.18018071303592,1.1806116667135
"368","2020.09.17","18:00:00",1.18077,1.18237,1.18066,1.18225,1742,1.18140538686192,1.18050333035862,1.18158950093694
"369","2020.09.17","18:30:00",1.18225,1.18276,1.18212,1.18228,1465,1.18248070582072,1.18060059710365,1.18236676270314
"370","2020.09.17","19:00:00",1.18226,1.18257,1.18187,1.18232,1359,1.18286650278598,1.18212942925792,1.18243838687364
"371","2020.09.17","19:30:00",1.18231,1.18261,1.18203,1.1822,1184,1.18259972984779,1.18178646251332,1.18240164718936
"372","2020.09.17","20:00:00",1.1822,1.18261,1.18213,1.1824,673,1.18260942351183,1.18187557768077,1.18216627726086
"373","2020.09.17","20:30:00",1.1824,1.18338,1.18233,1.18317,849,1.1826499595929,1.18199561472439,1.18220963184544
"374","2020.09.17","21:00:00",1.18318,1.18442,1.18306,1.18397,1269,1.18343395193879,1.1821454730633,1.1829734769376
"375","2020.09.17","21:30:00",1.18398,1.18424,1.18374,1.18387,965,1.18453389977749,1.18316339628305,1.18386129740739
"376","2020.09.17","22:00:00",1.18387,1.18476,1.18344,1.18467,1187,1.18434733608471,1.18375034104402,1.18369550516817
"377","2020.09.17","22:30:00",1.18466,1.18512,1.18465,1.18505,893,1.18484984012411,1.18335734670185,1.18445769399331
"378","2020.09.17","23:00:00",1.18498,1.18504,1.18443,1.18462,582,1.18531365544441,1.18459924866736,1.1848195252318
"379","2020.09.17","23:30:00",1.18462,1.18523,1.18449,1.18476,596,1.18516317785828,1.18431773491534,1.18439058600937
"380","2020.09.18","00:00:00",1.18476,1.18493,1.18437,1.1847,213,1.18533251786157,1.18429685216601,1.18446814383555
"381","2020.09.18","00:30:00",1.18467,1.18475,1.18429,1.18438,376,1.18498550898131,1.18446908917409,1.1848075537262
"382","2020.09.18","01:00:00",1.18438,1.18531,1.18436,1.18513,644,1.18482797461738,1.18424560118372,1.18422763068632
"383","2020.09.18","01:30:00",1.18513,1.18547,1.18513,1.18523,373,1.18534929708614,1.18415601734294,1.18485105053908
"384","2020.09.18","02:00:00",1.18526,1.18545,1.18512,1.18543,272,1.1856233681363,1.18516198787051,1.1851899455034
"385","2020.09.18","02:30:00",1.18543,1.1856,1.1846,1.1847,402,1.18557654202947,1.18509202193879,1.18540413428035
"386","2020.09.18","03:00:00",1.1847,1.18616,1.18468,1.1853,1037,1.18558564228155,1.18445176720495,1.18458327124018
"387","2020.09.18","03:30:00",1.1853,1.18561,1.18487,1.18538,836,1.1861590235871,1.18454536772433,1.18503675950608
"388","2020.09.18","04:00:00",1.18538,1.18613,1.18505,1.18516,1152,1.18559957931368,1.18474325284408,1.18516944945679
"389","2020.09.18","04:30:00",1.18516,1.1855,1.18457,1.18487,1152,1.18609501510206,1.18487399268519,1.18494590707237
"390","2020.09.18","05:00:00",1.18487,1.18496,1.18431,1.1846,809,1.18546132805239,1.18440268268146,1.1846309714883
"391","2020.09.18","05:30:00",1.1846,1.18497,1.1843,1.18459,677,1.18485903367322,1.18417025200674,1.18444176367656
"392","2020.09.18","06:00:00",1.18459,1.18513,1.18453,1.18507,466,1.18494132408844,1.18422461780316,1.18450181245771
"393","2020.09.18","06:30:00",1.18507,1.18523,1.18498,1.18503,451,1.18525954252612,1.18448895180907,1.18498035589264
"394","2020.09.18","07:00:00",1.18503,1.18505,1.18464,1.18482,470,1.18529914241305,1.18498192827792,1.18491305893659
"395","2020.09.18","07:30:00",1.18482,1.18517,1.18471,1.18485,512,1.18516307096948,1.18467497608961,1.18479399972162
"396","2020.09.18","08:00:00",1.18485,1.18531,1.18462,1.18529,508,1.18530875566343,1.18477322335747,1.18481595785093
"397","2020.09.18","08:30:00",1.18528,1.18556,1.18493,1.1855,637,1.18544329445106,1.18464767485258,1.18517472121636
"398","2020.09.18","09:00:00",1.18551,1.18566,1.18473,1.18514,953,1.18580767480164,1.18506256705056,1.18546991911402
"399","2020.09.18","09:30:00",1.18514,1.18661,1.18501,1.1865,1122,1.18572723021944,1.18470369771691,1.18503041248367
"400","2020.09.18","10:00:00",1.18652,1.18689,1.18553,1.18576,1510,1.18691469010452,1.18541584692992,1.18652072624173
"401","2020.09.18","10:30:00",1.18576,1.18585,1.18478,1.18486,1109,1.18712190987963,1.18573156996182,1.18619134661171
"402","2020.09.18","11:00:00",1.18486,1.18555,1.18405,1.18551,1047,1.18556209199604,1.18451810793985,1.18463957375658
"403","2020.09.18","11:30:00",1.18551,1.18613,1.18522,1.18592,852,1.18596475420874,1.184225652133,1.18515115292872
"404","2020.09.18","12:00:00",1.1859,1.18638,1.18544,1.18619,850,1.18631763718223,1.18538466547827,1.18565751681444
"405","2020.09.18","12:30:00",1.18617,1.18636,1.18517,1.18538,1176,1.18663321247387,1.18560705494646,1.18611039802229
"406","2020.09.18","13:00:00",1.18537,1.18537,1.18411,1.18437,1134,1.18653638532659,1.18528700760121,1.18537348930123
"407","2020.09.18","13:30:00",1.18437,1.18486,1.18369,1.18411,1088,1.18541796915924,1.18397180262495,1.18423508013233
"408","2020.09.18","14:00:00",1.18411,1.18447,1.18369,1.18417,1013,1.18479174156615,1.18353979083191,1.18396246660362
"409","2020.09.18","14:30:00",1.18417,1.18437,1.18305,1.18419,1232,1.18444283512333,1.18354510793493,1.18404245562995
"410","2020.09.18","15:00:00",1.18417,1.18434,1.18304,1.18385,1313,1.18431271725369,1.18293720277505,1.18401197155727
"411","2020.09.18","15:30:00",1.18382,1.18458,1.18354,1.18441,1312,1.18423574512641,1.18295352015342,1.18368035817037
"412","2020.09.18","16:00:00",1.18441,1.18515,1.18418,1.1844,1320,1.18472435022752,1.18366386362539,1.18425972921043
"413","2020.09.18","16:30:00",1.18445,1.1845,1.18314,1.18319,1845,1.18535941504014,1.18432805699647,1.18430618135889
"414","2020.09.18","17:00:00",1.18318,1.18512,1.18258,1.18494,1704,1.18449555173143,1.18319668391846,1.18329520327058
"415","2020.09.18","17:30:00",1.18499,1.18703,1.18474,1.186,2306,1.18576455830549,1.18332928458935,1.18493553723567
"416","2020.09.18","18:00:00",1.18601,1.18661,1.18548,1.18644,1998,1.18701163836216,1.1848759315243,1.18646775215055
"417","2020.09.18","18:30:00",1.18641,1.18647,1.18551,1.18559,1313,1.18673841426907,1.18586080597777,1.1869355746482
"418","2020.09.18","19:00:00",1.18559,1.18593,1.18508,1.18575,1002,1.1866056010518,1.18559684177636,1.18559642034158
"419","2020.09.18","19:30:00",1.18575,1.18655,1.18573,1.18655,1072,1.18608545616536,1.1851236776087,1.1856293195439
"420","2020.09.18","20:00:00",1.18655,1.18674,1.18525,1.18535,988,1.18671570010145,1.18583821042697,1.18657804460668
"421","2020.09.18","20:30:00",1.18535,1.18604,1.18509,1.18573,1291,1.18678813818835,1.18519408944333,1.18531740752944
"422","2020.09.18","21:00:00",1.18573,1.18601,1.18538,1.18585,791,1.18622704777312,1.18507835942642,1.18580427350416
"423","2020.09.18","21:30:00",1.18585,1.18602,1.18508,1.18532,931,1.18614747360335,1.18544745304552,1.18584837092062
"424","2020.09.18","22:00:00",1.18533,1.18538,1.18454,1.18467,992,1.18606943724619,1.18500758092985,1.18535304025849
"425","2020.09.18","22:30:00",1.18467,1.18515,1.18464,1.18494,707,1.1853422208232,1.18435368412049,1.18466187539542
"426","2020.09.18","23:00:00",1.18494,1.18512,1.18437,1.18445,499,1.18518986201632,1.18459953775817,1.18498787266802
"427","2020.09.18","23:30:00",1.18446,1.18463,1.18389,1.18413,466,1.18517290719649,1.18433182214686,1.18447851950441
"428","2020.09.21","00:00:00",1.18455,1.18489,1.18424,1.18453,240,1.18466095559671,1.18376356132792,1.18410860425061
"429","2020.09.21","00:30:00",1.18467,1.18469,1.184,1.18416,218,1.1849476101963,1.18416462465474,1.18446697514816
"430","2020.09.21","01:00:00",1.18416,1.18475,1.18398,1.1847,651,1.18465604116217,1.18383322467782,1.18410948659712
"431","2020.09.21","01:30:00",1.1847,1.18482,1.18454,1.18482,421,1.18478830938938,1.18392494347493,1.18472452243518
"432","2020.09.21","02:00:00",1.18482,1.18494,1.18442,1.18488,394,1.18489492736758,1.18451285496936,1.18480544893442
"433","2020.09.21","02:30:00",1.18488,1.18498,1.18448,1.18453,493,1.18500750456064,1.18433328164551,1.18486161096449
"434","2020.09.21","03:00:00",1.18453,1.18557,1.18427,1.18551,559,1.184962378388,1.18440163163269,1.18452419642659
"435","2020.09.21","03:30:00",1.18551,1.18605,1.18528,1.1859,507,1.18565113514104,1.1843498037596,1.18554973101001
"436","2020.09.21","04:00:00",1.1859,1.18614,1.18551,1.18592,760,1.18621190086708,1.18550286048905,1.1860466821926
"437","2020.09.21","04:30:00",1.18592,1.18603,1.18542,1.18559,589,1.18633813276284,1.1856612704666,1.1860254514402
"438","2020.09.21","05:00:00",1.18559,1.18611,1.18559,1.18598,619,1.18616351582548,1.18553115966528,1.18567798740054
"439","2020.09.21","05:30:00",1.18598,1.18622,1.18576,1.18585,536,1.18631128937601,1.18576548618273,1.18609690359229
"440","2020.09.21","06:00:00",1.18585,1.18645,1.18564,1.1864,615,1.18639550879215,1.18586041742795,1.18594689444179
"441","2020.09.21","06:30:00",1.1864,1.18673,1.18636,1.1867,433,1.18671717445135,1.18585342281688,1.18654109642003
"442","2020.09.21","07:00:00",1.1867,1.18717,1.18669,1.18669,325,1.18692382283494,1.18640157967779,1.1868340053496
"443","2020.09.21","07:30:00",1.18668,1.1869,1.18655,1.18664,344,1.18727291981677,1.18669813864967,1.18686585823556
"444","2020.09.21","08:00:00",1.18664,1.18696,1.18648,1.18653,451,1.18698350650579,1.18652400823395,1.18666893777884
"445","2020.09.21","08:30:00",1.18653,1.18699,1.18612,1.18628,592,1.18704726937095,1.18647428064139,1.18651635376201
"446","2020.09.21","09:00:00",1.18628,1.18645,1.18546,1.18587,984,1.18701574759037,1.18605502757602,1.18625026831244
"447","2020.09.21","09:30:00",1.18588,1.18636,1.18553,1.18582,1069,1.18623183096458,1.1852396518613,1.18581710568882
"448","2020.09.21","10:00:00",1.18579,1.18681,1.18489,1.18503,1867,1.18611173912937,1.18527741467061,1.18576479730805
"449","2020.09.21","10:30:00",1.18503,1.18503,1.1831,1.18334,2037,1.18646413564317,1.18452191657097,1.18497110529964
"450","2020.09.21","11:00:00",1.18334,1.18334,1.18127,1.18157,2011,1.18472865763081,1.18324035172728,1.18379061812307
"451","2020.09.21","11:30:00",1.18158,1.18158,1.17911,1.1801,2500,1.18287771938004,1.18083858794068,1.18169098467711
"452","2020.09.21","12:00:00",1.1801,1.1801,1.17909,1.17927,1738,1.18041172113425,1.17838759319938,1.18017876292084
"453","2020.09.21","12:30:00",1.17927,1.17942,1.17802,1.17843,1675,1.17927803128666,1.17846054856103,1.17928868947095
"454","2020.09.21","13:00:00",1.17843,1.17908,1.17753,1.1783,1647,1.17848785601442,1.17734932559709,1.17841138461323
"455","2020.09.21","13:30:00",1.17829,1.1792,1.17798,1.17869,1271,1.17817963518565,1.17697371978005,1.17829405641871
"456","2020.09.21","14:00:00",1.17869,1.17919,1.17797,1.17913,1547,1.17858083116165,1.17747962959701,1.17861510327561
"457","2020.09.21","14:30:00",1.17913,1.17971,1.17864,1.17951,1114,1.17869968308768,1.1776325748149,1.17921780868571
"458","2020.09.21","15:00:00",1.17954,1.17956,1.17697,1.17732,1484,1.17936622126049,1.17831046184602,1.17951027018679
"459","2020.09.21","15:30:00",1.17732,1.17756,1.1763,1.17696,1807,1.17907222181905,1.17679069990219,1.17729980915218
"460","2020.09.21","16:00:00",1.17699,1.17799,1.176,1.17702,2108,1.17704570724561,1.17617758822854,1.17710963148896
"461","2020.09.21","16:30:00",1.17702,1.17743,1.17499,1.175,2905,1.17773115368019,1.17613556553477,1.17733117207482
"462","2020.09.21","17:00:00",1.175,1.17599,1.17438,1.17454,2312,1.17679840093571,1.17483916855714,1.17505683406574
"463","2020.09.21","17:30:00",1.17454,1.17481,1.17316,1.17405,2530,1.17529512238838,1.17432626903616,1.17449129866772
"464","2020.09.21","18:00:00",1.17408,1.17509,1.17318,1.17375,1943,1.17403096249704,1.17270850445093,1.17404780667182
"465","2020.09.21","18:30:00",1.17375,1.1742,1.17316,1.17376,1662,1.17432333354445,1.17278993343357,1.17361109367297
"466","2020.09.21","19:00:00",1.17376,1.17424,1.17357,1.17364,1195,1.17345128455489,1.17285182938842,1.17355954023139
"467","2020.09.21","19:30:00",1.17364,1.17417,1.17335,1.17405,1050,1.17358332528965,1.1730458420731,1.17342313785029
"468","2020.09.21","20:00:00",1.17405,1.17545,1.17361,1.17541,1186,1.17366428068638,1.1729451243223,1.17392746748313
"469","2020.09.21","20:30:00",1.1754,1.1757,1.17516,1.17533,962,1.17520253319671,1.17348808242508,1.17534703635295
"470","2020.09.21","21:00:00",1.17533,1.17556,1.17496,1.17551,735,1.17542709785485,1.17499015557594,1.17528753534313
"471","2020.09.21","21:30:00",1.17552,1.17576,1.17523,1.1754,973,1.175401135225,1.17485409132295,1.17551952356665
"472","2020.09.21","22:00:00",1.17539,1.17746,1.17534,1.17696,1261,1.17543806804519,1.17498672192371,1.17538816569453
"473","2020.09.21","22:30:00",1.17698,1.17701,1.17636,1.1764,1064,1.17745619039046,1.17532650561391,1.17700858790342
"474","2020.09.21","23:00:00",1.17641,1.1769,1.17623,1.17655,555,1.17688063553743,1.17615155038229,1.17640663596304
"475","2020.09.21","23:30:00",1.17655,1.17732,1.17654,1.17707,562,1.17686309056369,1.17617626218891,1.17658623396316
"476","2020.09.22","00:00:00",1.177,1.17735,1.17644,1.17699,342,1.17732723991462,1.17650333006875,1.17713899888669
"477","2020.09.22","00:30:00",1.177,1.17718,1.1766,1.17691,280,1.17731470723262,1.17638965194508,1.17698811386586
"478","2020.09.22","01:00:00",1.17681,1.17704,1.17648,1.17648,485,1.17707872793337,1.17646594618697,1.17679889709966
"479","2020.09.22","01:30:00",1.17648,1.17669,1.17638,1.17647,388,1.17694869437179,1.17639029394012,1.17654267932824
"480","2020.09.22","02:00:00",1.17648,1.17666,1.17637,1.17653,377,1.17657286528941,1.17626329258822,1.17645449278238
"481","2020.09.22","02:30:00",1.17653,1.17667,1.17626,1.17626,354,1.17655349285498,1.1762359345103,1.17657021691608
"482","2020.09.22","03:00:00",1.17626,1.17706,1.17588,1.17682,731,1.17649242893095,1.17611279836003,1.1762822760128
"483","2020.09.22","03:30:00",1.17682,1.17697,1.17555,1.17681,1277,1.17693018427188,1.17570944792429,1.17688408283306
"484","2020.09.22","04:00:00",1.17681,1.17701,1.17528,1.17605,1336,1.17674330001537,1.17521004815756,1.17683249610478
"485","2020.09.22","04:30:00",1.17602,1.17676,1.17583,1.17652,1132,1.17661369215109,1.17479416071117,1.17616843402486
"486","2020.09.22","05:00:00",1.17652,1.17673,1.17596,1.17613,706,1.17647208381581,1.17556923140507,1.17660046601362
"487","2020.09.22","05:30:00",1.17613,1.17635,1.17596,1.17632,401,1.17649078185271,1.17575097173241,1.17621101063916
"488","2020.09.22","06:00:00",1.17632,1.17714,1.17615,1.17698,638,1.17627051925937,1.17583663186514,1.17640026419198
"489","2020.09.22","06:30:00",1.17698,1.17707,1.17658,1.17678,414,1.1771234371835,1.17604733289138,1.17698182671343
"490","2020.09.22","07:00:00",1.17678,1.17685,1.17638,1.17649,413,1.17701743008854,1.17650648210635,1.17676694460263
"491","2020.09.22","07:30:00",1.1765,1.17686,1.1765,1.17685,442,1.17679075987692,1.17626031847929,1.17654867449587
"492","2020.09.22","08:00:00",1.17686,1.17689,1.1757,1.17596,570,1.17683348808166,1.17643864264512,1.1768939406398
"493","2020.09.22","08:30:00",1.17595,1.17604,1.17522,1.17523,626,1.17703769348711,1.17556912805562,1.17579510792792
"494","2020.09.22","09:00:00",1.17523,1.17581,1.17421,1.17426,1378,1.17579051883358,1.17507110328465,1.17532823290117
"495","2020.09.22","09:30:00",1.17426,1.17472,1.17336,1.1747,1541,1.1754651313011,1.17386223240049,1.17445870928405
"496","2020.09.22","10:00:00",1.17465,1.17509,1.17309,1.17351,1982,1.17441802147344,1.17318418572259,1.17494159981287
"497","2020.09.22","10:30:00",1.17353,1.17365,1.172,1.17233,2044,1.17477625734253,1.17310797586855,1.17357633239136
"498","2020.09.22","11:00:00",1.17233,1.17428,1.17232,1.17419,1890,1.17295593921964,1.17174455616159,1.17208270145223
"499","2020.09.22","11:30:00",1.17417,1.17494,1.1736,1.17448,1811,1.17437682283154,1.17257590563784,1.17439110123957
"500","2020.09.22","12:00:00",1.17445,1.17463,1.17347,1.17362,1390,1.17535825496126,1.17390380189556,1.17469170378905
"501","2020.09.22","12:30:00",1.17362,1.1743,1.17333,1.17371,1328,1.17461453793941,1.173361209445,1.17358543259619
"502","2020.09.22","13:00:00",1.17371,1.17544,1.17368,1.17533,1178,1.17425351110341,1.17320016689352,1.17367308536976
"503","2020.09.22","13:30:00",1.17533,1.17671,1.17527,1.17613,1726,1.17561969022666,1.17377907100986,1.175326280184
"504","2020.09.22","14:00:00",1.17613,1.17615,1.1754,1.17577,1185,1.17702670154876,1.17543051902165,1.17609616998816
"505","2020.09.22","14:30:00",1.17577,1.17606,1.17455,1.17518,1554,1.17626449552408,1.17547722469281,1.17577928966484
"506","2020.09.22","15:00:00",1.17521,1.17532,1.17344,1.17397,1697,1.17623893556373,1.17458431957665,1.17516996107807
"507","2020.09.22","15:30:00",1.17392,1.1756,1.17391,1.17505,1696,1.17534149311365,1.17329299736547,1.17401222910486
"508","2020.09.22","16:00:00",1.17504,1.17607,1.17471,1.17546,1508,1.17574824845286,1.1739564621756,1.17511290010241
"509","2020.09.22","16:30:00",1.17547,1.176,1.17264,1.17286,2494,1.17615597901791,1.17475254359695,1.17546461099247
"510","2020.09.22","17:00:00",1.17287,1.17351,1.17249,1.17346,2219,1.17549113219042,1.17223205749753,1.17276950390645
"511","2020.09.22","17:30:00",1.17346,1.17372,1.17028,1.17035,2624,1.17281235804938,1.1722540527898,1.17352398301827
"512","2020.09.22","18:00:00",1.17035,1.17168,1.16916,1.17117,2537,1.1731264498706,1.17064584171346,1.17064680690378
"513","2020.09.22","18:30:00",1.17114,1.17119,1.16955,1.17025,1973,1.17097179026488,1.16935070801396,1.17152853867508
"514","2020.09.22","19:00:00",1.17022,1.17164,1.16994,1.17086,1444,1.17081378249155,1.16944053562279,1.17029135381576
"515","2020.09.22","19:30:00",1.17085,1.17093,1.16999,1.1704,962,1.17153122784942,1.16979913786727,1.1708337464281
"516","2020.09.22","20:00:00",1.1704,1.17154,1.17024,1.17138,1084,1.17085101917877,1.16975350207809,1.17033650973754
"517","2020.09.22","20:30:00",1.17137,1.17164,1.17076,1.17103,828,1.17154147877147,1.17011963545806,1.171345593719
"518","2020.09.22","21:00:00",1.17102,1.1716,1.17063,1.17158,775,1.17166335772405,1.17065891935516,1.17101800355984
"519","2020.09.22","21:30:00",1.17158,1.17158,1.17047,1.17048,658,1.17166825809082,1.17057959307157,1.17159053795824
"520","2020.09.22","22:00:00",1.17048,1.17078,1.17031,1.17078,675,1.17163228915084,1.17036900967729,1.17048608848502
"521","2020.09.22","22:30:00",1.17078,1.17117,1.17057,1.17109,672,1.17083860872914,1.17021789509516,1.17078532721737
"522","2020.09.22","23:00:00",1.17109,1.17131,1.17088,1.17094,364,1.17123076016077,1.17049309495968,1.17112410686848
"523","2020.09.22","23:30:00",1.17094,1.17111,1.17049,1.17077,378,1.17137990511901,1.17076365774203,1.17088809382961
"524","2020.09.23","00:00:00",1.17074,1.17093,1.1705,1.17076,181,1.17114645451315,1.17035961638577,1.17070498975
"525","2020.09.23","00:30:00",1.17076,1.17076,1.17048,1.17056,237,1.17090169557099,1.17022826512089,1.17065770999556
"526","2020.09.23","01:00:00",1.17057,1.17083,1.17043,1.17043,443,1.17074113183611,1.17028072585002,1.17048949001546
"527","2020.09.23","01:30:00",1.17043,1.17071,1.17043,1.17067,445,1.17083929683255,1.17025743283245,1.17043108934383
"528","2020.09.23","02:00:00",1.17068,1.17083,1.17043,1.1707,400,1.17073279699289,1.17025847084583,1.17064124090391
"529","2020.09.23","02:30:00",1.17072,1.17104,1.1706,1.1706,429,1.17085007059353,1.17028554738368,1.17066228802786
"530","2020.09.23","03:00:00",1.1706,1.1709,1.16965,1.16968,637,1.170979745504,1.17043702709122,1.17057618496816
"531","2020.09.23","03:30:00",1.16968,1.16992,1.16777,1.16802,1412,1.17105411385137,1.16910819617741,1.16917495771303
"532","2020.09.23","04:00:00",1.16802,1.16878,1.1675,1.16817,1334,1.1688966584779,1.16761595819552,1.16839008174027
"533","2020.09.23","04:30:00",1.16816,1.16904,1.1681,1.16878,907,1.16835372364413,1.16718971531964,1.16836084441394
"534","2020.09.23","05:00:00",1.16878,1.16923,1.16801,1.16813,1026,1.16895350726344,1.16788560543768,1.16877897498457
"535","2020.09.23","05:30:00",1.16813,1.16832,1.16761,1.16807,806,1.16916126865773,1.16780070107499,1.16817483408416
"536","2020.09.23","06:00:00",1.16807,1.16859,1.16762,1.16846,769,1.16823695554423,1.16739192857924,1.16803248478233
"537","2020.09.23","06:30:00",1.16845,1.16866,1.16787,1.16814,553,1.16859944731775,1.16751364663843,1.16845065611758
"538","2020.09.23","07:00:00",1.16814,1.16816,1.16744,1.16772,636,1.16871920971932,1.16778528118058,1.16812204424082
"539","2020.09.23","07:30:00",1.16772,1.16807,1.16767,1.16783,471,1.16834840427654,1.16750246073821,1.16781157581646
"540","2020.09.23","08:00:00",1.16783,1.16863,1.16783,1.16825,639,1.16818460335554,1.1677255780562,1.16794216358006
"541","2020.09.23","08:30:00",1.16825,1.169,1.16812,1.16879,670,1.16866373187354,1.16788093648167,1.16831141367825
"542","2020.09.23","09:00:00",1.16879,1.16882,1.16718,1.16825,1482,1.16907909998847,1.16824330693788,1.16888597581351
"543","2020.09.23","09:30:00",1.16824,1.1694,1.16797,1.16912,1294,1.16885034590949,1.16754022421663,1.16816746364348
"544","2020.09.23","10:00:00",1.16912,1.1695,1.1675,1.16865,2327,1.16952637711768,1.16838484303188,1.16910642083365
"545","2020.09.23","10:30:00",1.16867,1.17001,1.16773,1.16942,1852,1.16982694567591,1.16787254287324,1.16879358405985
"546","2020.09.23","11:00:00",1.16942,1.16976,1.16824,1.16834,1576,1.17037369761127,1.16807562250362,1.16946015676079
"547","2020.09.23","11:30:00",1.16836,1.17047,1.16818,1.17042,1362,1.16988231634862,1.16826846060182,1.16831149436431
"548","2020.09.23","12:00:00",1.17042,1.17189,1.17011,1.17188,1552,1.17053296515973,1.16827252971502,1.17029352237065
"549","2020.09.23","12:30:00",1.17188,1.17188,1.17069,1.17144,1253,1.17204008418719,1.17065112925511,1.17222417373471
"550","2020.09.23","13:00:00",1.17141,1.17172,1.17061,1.17162,1092,1.17202150118556,1.17110824054815,1.17162000640768
"551","2020.09.23","13:30:00",1.17162,1.17162,1.17066,1.1708,889,1.17183617661545,1.17085372153469,1.17174801631867
"552","2020.09.23","14:00:00",1.1708,1.17115,1.17024,1.17061,1079,1.17161105226811,1.17064575351916,1.17085133790406
"553","2020.09.23","14:30:00",1.17061,1.17074,1.16894,1.16897,1366,1.17104923716715,1.17015052562389,1.17060553976479
"554","2020.09.23","15:00:00",1.16895,1.16947,1.16852,1.16944,1605,1.17056528158008,1.16860080821759,1.16901495089187
"555","2020.09.23","15:30:00",1.16943,1.16962,1.16854,1.16913,1570,1.16943584194557,1.16822553150526,1.16936717964122
"556","2020.09.23","16:00:00",1.16914,1.16962,1.16794,1.16859,1571,1.16951729462154,1.1681998673237,1.16901519814572
"557","2020.09.23","16:30:00",1.1686,1.17043,1.16791,1.16836,2187,1.16943115869531,1.16746538475582,1.16837123071034
"558","2020.09.23","17:00:00",1.16835,1.16835,1.16643,1.16704,1885,1.17010687499089,1.16739692375041,1.16810388943401
"559","2020.09.23","17:30:00",1.16704,1.16745,1.1664,1.16742,2336,1.16839440989322,1.16669290373068,1.16725869187431
"560","2020.09.23","18:00:00",1.16742,1.1688,1.16714,1.16778,2067,1.16767198341063,1.16699259586052,1.16792011926196
"561","2020.09.23","18:30:00",1.16778,1.16797,1.16674,1.16778,1468,1.16930653721482,1.16762972684155,1.16811669415444
"562","2020.09.23","19:00:00",1.16778,1.16822,1.16726,1.16812,1107,1.16802871363664,1.16680858425848,1.16779443530653
"563","2020.09.23","19:30:00",1.16812,1.16899,1.1678,1.16811,1336,1.16827441109994,1.16727390473198,1.16807486213339
"564","2020.09.23","20:00:00",1.16811,1.1683,1.16758,1.16767,716,1.16912991400383,1.16785366021678,1.16812637088672
"565","2020.09.23","20:30:00",1.16767,1.1685,1.16763,1.16808,681,1.16835923007665,1.1675473410807,1.16765628139041
"566","2020.09.23","21:00:00",1.16808,1.16815,1.16705,1.16716,1118,1.16858982427531,1.16763299363598,1.16809297355826
"567","2020.09.23","21:30:00",1.16716,1.16735,1.16567,1.16573,1177,1.16807145064575,1.16682711338721,1.16710794098056
"568","2020.09.23","22:00:00",1.16574,1.16608,1.16511,1.16558,1553,1.16724742333899,1.16567253713916,1.16575720944465
"569","2020.09.23","22:30:00",1.16558,1.1664,1.16549,1.1663,802,1.16586153653811,1.16521382930476,1.16565556070811
"570","2020.09.23","23:00:00",1.16629,1.16633,1.16548,1.1657,611,1.16643924349678,1.16552990211833,1.16634731356973
"571","2020.09.23","23:30:00",1.1657,1.16613,1.16551,1.16595,494,1.16639973367363,1.16545262826598,1.16571956238487
"572","2020.09.24","00:00:00",1.1659,1.16652,1.16578,1.16587,311,1.16621820616558,1.16548135137901,1.16595765531976
"573","2020.09.24","00:30:00",1.16581,1.16621,1.16572,1.16605,390,1.16654060545071,1.16571743810723,1.16590571363722
"574","2020.09.24","01:00:00",1.16605,1.16642,1.166,1.16625,372,1.16628595215287,1.16567495128138,1.16604391937993
"575","2020.09.24","01:30:00",1.16625,1.16648,1.16576,1.16618,294,1.16650695054975,1.16595261216622,1.16622838268264
"576","2020.09.24","02:00:00",1.16619,1.16623,1.16545,1.16549,662,1.16655002346541,1.16565911532944,1.16614548274264
"577","2020.09.24","02:30:00",1.1655,1.16591,1.16519,1.16566,487,1.16621315959564,1.16524705934154,1.16544748769467
"578","2020.09.24","03:00:00",1.16571,1.16705,1.16568,1.16694,1241,1.16597458930579,1.16504546569287,1.16557400669763
"579","2020.09.24","03:30:00",1.16694,1.16731,1.16684,1.16729,611,1.1670746974557,1.16559587797705,1.16683238394565
"580","2020.09.24","04:00:00",1.1673,1.16794,1.1669,1.16775,779,1.16738945879273,1.1668804417319,1.16731496248816
"581","2020.09.24","04:30:00",1.16775,1.16797,1.1661,1.16617,956,1.16804512574629,1.16695160739847,1.16780577267214
"582","2020.09.24","05:00:00",1.16617,1.16656,1.166,1.16622,836,1.16780955103547,1.16590097931221,1.16616620217973
"583","2020.09.24","05:30:00",1.16622,1.16641,1.16578,1.16616,812,1.16642293007796,1.16585444629307,1.16621157366658
"584","2020.09.24","06:00:00",1.16616,1.16654,1.16584,1.16603,588,1.16626705514409,1.1656425581188,1.1661402343016
"585","2020.09.24","06:30:00",1.16603,1.1662,1.16558,1.1656,502,1.1664652744041,1.16574099517747,1.16603153912405
"586","2020.09.24","07:00:00",1.1656,1.16582,1.16553,1.16563,324,1.16617783754176,1.16538460071635,1.16552720862658
"587","2020.09.24","07:30:00",1.16561,1.16568,1.16524,1.16526,521,1.16582978693566,1.16526587849929,1.16547063642812
"588","2020.09.24","08:00:00",1.16526,1.1659,1.16442,1.16557,922,1.16532136905248,1.1648631607973,1.16527479801884
"589","2020.09.24","08:30:00",1.16557,1.166,1.16527,1.16584,731,1.16582236376181,1.16431459265092,1.16544273025273
"590","2020.09.24","09:00:00",1.16584,1.16616,1.16506,1.16519,1215,1.16608017440313,1.1653041194907,1.16566655182803
"591","2020.09.24","09:30:00",1.16519,1.1656,1.16479,1.16525,1155,1.16610739499096,1.16498295060558,1.16515059310483
"592","2020.09.24","10:00:00",1.16525,1.16646,1.16497,1.16506,1572,1.1654938059017,1.16461637945382,1.16517588060947
"593","2020.09.24","10:30:00",1.16505,1.16736,1.16498,1.16668,1468,1.16653489041045,1.16487916905292,1.16514612522112
"594","2020.09.24","11:00:00",1.16665,1.16681,1.16496,1.16611,1331,1.16760544312161,1.16514129757234,1.16670924798238
"595","2020.09.24","11:30:00",1.1661,1.16611,1.16505,1.16569,1098,1.16698720990455,1.165033848899,1.16612777102662
"596","2020.09.24","12:00:00",1.16569,1.16596,1.16473,1.16476,939,1.16612615766111,1.16500426972126,1.1656736544394
"597","2020.09.24","12:30:00",1.16481,1.16502,1.1633,1.16416,1329,1.16584718304,1.16445261766801,1.1646686107005
"598","2020.09.24","13:00:00",1.16416,1.16485,1.16416,1.16479,1165,1.16493660604713,1.163210574624,1.16420598113182
"599","2020.09.24","13:30:00",1.16479,1.16506,1.16385,1.16431,1225,1.16488505095246,1.1642564354639,1.16481231190241
"600","2020.09.24","14:00:00",1.16431,1.16542,1.16404,1.16452,1177,1.16504300964982,1.16385180812094,1.16437040097047
"601","2020.09.24","14:30:00",1.16452,1.16478,1.16359,1.16383,1159,1.16544507872588,1.16410884359587,1.16456644567046
"602","2020.09.24","15:00:00",1.16387,1.16494,1.16349,1.16432,1303,1.16472821907151,1.1634249387387,1.1637848416486
"603","2020.09.24","15:30:00",1.16432,1.16451,1.16264,1.16395,1696,1.16479905141842,1.16320617042706,1.16421019668222
"604","2020.09.24","16:00:00",1.16395,1.16493,1.1634,1.16455,1974,1.16441843286288,1.16274114030859,1.16403225644109
"605","2020.09.24","16:30:00",1.1646,1.16523,1.16306,1.16392,2740,1.16549627210184,1.16388696054363,1.16483084117097
"606","2020.09.24","17:00:00",1.1639,1.16565,1.1635,1.16468,2650,1.16549591493217,1.16330372391182,1.16424338634981
"607","2020.09.24","17:30:00",1.16466,1.16468,1.1635,1.16395,2436,1.16580585099193,1.16363618667698,1.16472992928418
"608","2020.09.24","18:00:00",1.16396,1.16513,1.16359,1.16507,1992,1.16489903713914,1.16359188347934,1.16404070403694
